01005000000,Тахтамукайский,р-н,1
01007000000,Шовгеновский,р-н,1
01006000000,Теучежский,р-н,1
01002000000,Кошехабльский,р-н,1
01004000000,Майкопский,р-н,1
01008000000,Гиагинский,р-н,1
01003000000,Красногвардейский,р-н,1
02018000000,Бурзянский,р-н,1
02003000000,Архангельский,р-н,1
02007000000,Бакалинский,р-н,1
02004000000,Аскинский,р-н,1
02015000000,Благовещенский,р-н,1
02006000000,Баймакский,р-н,1
02016000000,Буздякский,р-н,1
02020000000,Дуванский,р-н,1
02010000000,Белокатайский,р-н,1
02005000000,Аургазинский,р-н,1
02019000000,Гафурийский,р-н,1
02014000000,Благоварский,р-н,1
02009000000,Белебеевский,р-н,1
02012000000,Бижбулякский,р-н,1
02013000000,Бирский,р-н,1
02017000000,Бураевский,р-н,1
02008000000,Балтачевский,р-н,1
02002000000,Альшеевский,р-н,1
02011000000,Белорецкий,р-н,1
02001000000,Уфимский,р-н,1
02026000000,Ишимбайский,р-н,1
02051000000,Шаранский,р-н,1
02046000000,Учалинский,р-н,1
02023000000,Зилаирский,р-н,1
02024000000,Иглинский,р-н,1
02048000000,Хайбуллинский,р-н,1
02053000000,Абзелиловский,р-н,1
02029000000,Кармаскалинский,р-н,1
02031000000,Краснокамский,р-н,1
02044000000,Туймазинский,р-н,1
02027000000,Калтасинский,р-н,1
02036000000,Мечетлинский,р-н,1
02040000000,Салаватский,р-н,1
02030000000,Кигинский,р-н,1
02042000000,Стерлитамакский,р-н,1
02041000000,Стерлибашевский,р-н,1
02021000000,Ермекеевский,р-н,1
02038000000,Миякинский,р-н,1
02037000000,Мишкинский,р-н,1
02025000000,Илишевский,р-н,1
02060000000,Дюртюлинский,р-н,1
02049000000,Чекмагушевский,р-н,1
02034000000,Кушнаренковский,р-н,1
02033000000,Куюргазинский,р-н,1
02032000000,Кугарчинский,р-н,1
02022000000,Зианчуринский,р-н,1
02035000000,Мелеузовский,р-н,1
02047000000,Федоровский,р-н,1
02043000000,Татышлинский,р-н,1
02052000000,Янаульский,р-н,1
02059000000,Давлекановский,р-н,1
02039000000,Нуримановский,р-н,1
02050000000,Чишминский,р-н,1
02028000000,Караидельский,р-н,1
03014000000,Мухоршибирский,р-н,1
03016000000,Прибайкальский,р-н,1
03022000000,Баргузинский,р-н,1
03006000000,Заиграевский,р-н,1
03019000000,Тарбагатайский,р-н,1
03011000000,Курумканский,р-н,1
03008000000,Иволгинский,р-н,1
03010000000,Кижингинский,р-н,1
03002000000,"Баунтовский эвенкийский",р-н,1
03005000000,Еравнинский,р-н,1
03021000000,Хоринский,р-н,1
03009000000,Кабанский,р-н,1
03020000000,Тункинский,р-н,1
03015000000,Окинский,р-н,1
03003000000,Бичурский,р-н,1
04003000000,Майминский,р-н,1
04005000000,Турочакский,р-н,1
04006000000,Улаганский,р-н,1
04007000000,Усть-Канский,р-н,1
04008000000,Усть-Коксинский,р-н,1
04011000000,Шебалинский,р-н,1
04002000000,Кош-Агачский,р-н,1
04004000000,Онгудайский,р-н,1
04009000000,Чемальский,р-н,1
04010000000,Чойский,р-н,1
03017000000,Северо-Байкальский,р-н,1
03018000000,Селенгинский,р-н,1
03004000000,Джидинский,р-н,1
03012000000,Кяхтинский,р-н,1
03007000000,Закаменский,р-н,1
03013000000,Муйский,р-н,1
05028000000,Новолакский,р-н,1
05042000000,Чародинский,р-н,1
05016000000,Кайтагский,р-н,1
09003000000,Зеленчукский,р-н,1
05039000000,Хунзахский,р-н,1
08007000000,Малодербетовский,р-н,1
05027000000,Магарамкентский,р-н,1
07010000000,Эльбрусский,р-н,1
05033000000,Табасаранский,р-н,1
05025000000,Лакский,р-н,1
05014000000,Докузпаринский,р-н,1
05010000000,Гумбетовский,р-н,1
05029000000,Ногайский,р-н,1
07005000000,Прохладненский,р-н,1
07002000000,Баксанский,р-н,1
05012000000,Дахадаевский,р-н,1
05009000000,Гергебильский,р-н,1
05043000000,Шамильский,р-н,1
07007000000,Урванский,р-н,1
06002000000,Джейрахский,р-н,1
05011000000,Гунибский,р-н,1
05007000000,Ботлихский,р-н,1
05036000000,Унцукульский,р-н,1
07011000000,Лескенский,р-н,1
05003000000,Акушинский,р-н,1
06004000000,Сунженский,р-н,1
06001000000,Назрановский,р-н,1
05023000000,Кумторкалинский,р-н,1
05020000000,Кизлярский,р-н,1
05005000000,Ахтынский,р-н,1
05030000000,Рутульский,р-н,1
05038000000,Хивский,р-н,1
05022000000,Кулинский,р-н,1
05008000000,Буйнакский,р-н,1
07006000000,Терский,р-н,1
05031000000,Сергокалинский,р-н,1
05019000000,Кизилюртовский,р-н,1
06003000000,Малгобекский,р-н,1
05024000000,Курахский,р-н,1
07004000000,Майский,р-н,1
05040000000,Цумадинский,р-н,1
07009000000,Черекский,р-н,1
05004000000,Ахвахский,р-н,1
07008000000,Чегемский,р-н,1
05006000000,Бабаюртовский,р-н,1
05002000000,Агульский,р-н,1
05032000000,Сулейман-Стальский,р-н,1
07003000000,Зольский,р-н,1
09005000000,Малокарачаевский,р-н,1
08015000000,Яшкульский,р-н,1
05013000000,Дербентский,р-н,1
05017000000,Карабудахкентский,р-н,1
08003000000,Ики-Бурульский,р-н,1
08005000000,Кетченеровский,р-н,1
08006000000,Лаганский,р-н,1
08008000000,Октябрьский,р-н,1
08009000000,Приютненский,р-н,1
08010000000,Сарпинский,р-н,1
08011000000,Целинный,р-н,1
08012000000,Черноземельский,р-н,1
08013000000,Юстинский,р-н,1
05035000000,Тляратинский,р-н,1
05037000000,Хасавюртовский,р-н,1
05015000000,Казбековский,р-н,1
05041000000,Цунтинский,р-н,1
05018000000,Каякентский,р-н,1
08002000000,Городовиковский,р-н,1
08014000000,Яшалтинский,р-н,1
05034000000,Тарумовский,р-н,1
09004000000,Карачаевский,р-н,1
09002000000,Адыге-Хабльский,р-н,1
05026000000,Левашинский,р-н,1
11004000000,Ижемский,р-н,1
10003000000,Калевальский,р-н,1
10007000000,Лоухский,р-н,1
10004000000,Кемский,р-н,1
12003000000,Горномарийский,р-н,1
10010000000,Олонецкий,р-н,1
12004000000,Звениговский,р-н,1
10013000000,Пудожский,р-н,1
09008000000,Усть-Джегутинский,р-н,1
09006000000,Прикубанский,р-н,1
12006000000,Куженерский,р-н,1
09007000000,Урупский,р-н,1
10011000000,Питкярантский,р-н,1
11007000000,Койгородский,р-н,1
11012000000,Сыктывдинский,р-н,1
10005000000,Кондопожский,р-н,1
10006000000,Лахденпохский,р-н,1
11019000000,Усть-Цилемский,р-н,1
10008000000,Медвежьегорский,р-н,1
09010000000,Абазинский,р-н,1
12005000000,Килемарский,р-н,1
10001000000,Прионежский,р-н,1
10012000000,Пряжинский,р-н,1
10015000000,Суоярвский,р-н,1
11015000000,Удорский,р-н,1
12007000000,Мари-Турекский,р-н,1
11008000000,Корткеросский,р-н,1
10009000000,Муезерский,р-н,1
10014000000,Сегежский,р-н,1
10002000000,Беломорский,р-н,1
11006000000,Княжпогостский,р-н,1
12002000000,Волжский,р-н,1
11013000000,Сысольский,р-н,1
11017000000,Усть-Вымский,р-н,1
11018000000,Усть-Куломский,р-н,1
11010000000,Прилузский,р-н,1
09011000000,Ногайский,р-н,1
09009000000,Хабезский,р-н,1
12008000000,Медведевский,р-н,1
11014000000,Троицко-Печорский,р-н,1
13023000000,Чамзинский,р-н,1
13003000000,Атюрьевский,р-н,1
12009000000,Моркинский,р-н,1
13022000000,Торбеевский,р-н,1
13011000000,Ичалковский,р-н,1
12013000000,Сернурский,р-н,1
13020000000,Темниковский,р-н,1
13006000000,Большеигнатовский,р-н,1
13018000000,Рузаевский,р-н,1
13008000000,Ельниковский,р-н,1
12015000000,Юринский,р-н,1
13014000000,Кочкуровский,р-н,1
13005000000,Большеберезниковский,р-н,1
13004000000,Атяшевский,р-н,1
13015000000,Краснослободский,р-н,1
13007000000,Дубенский,р-н,1
13002000000,Ардатовский,р-н,1
13017000000,Ромодановский,р-н,1
13009000000,Зубово-Полянский,р-н,1
12012000000,Параньгинский,р-н,1
13013000000,Ковылкинский,р-н,1
13021000000,Теньгушевский,р-н,1
13016000000,Лямбирский,р-н,1
12014000000,Советский,р-н,1
12011000000,Оршанский,р-н,1
12010000000,Новоторъяльский,р-н,1
13019000000,Старошайговский,р-н,1
14002000000,Абыйский,у,1
14004000000,Аллаиховский,у,1
14007000000,Булунский,у,1
14009000000,Верхнеколымский,у,1
14018000000,Момский,у,1
14020000000,Нижнеколымский,у,1
14019000000,Намский,у,1
14010000000,Верхоянский,у,1
14013000000,Жиганский,у,1
14014000000,Кобяйский,у,1
14025000000,Среднеколымский,у,1
14008000000,Верхневилюйский,у,1
14011000000,Вилюйский,у,1
14021000000,Нюрбинский,у,1
14015000000,Ленский,у,1
14030000000,Усть-Майский,у,1
14016000000,Мегино-Кангаласский,у,1
14005000000,Амгинский,у,1
14027000000,Таттинский,у,1
14029000000,Усть-Алданский,у,1
14031000000,Усть-Янский,у,1
14003000000,Алданский,у,1
14017000000,Мирнинский,у,1
14006000000,Анабарский,у,1
14024000000,"Оленекский эвенкийский национальный",у,1
14028000000,Томпонский,у,1
14022000000,Оймяконский,у,1
14023000000,Олекминский,у,1
14032000000,Хангаласский,у,1
14012000000,Горный,у,1
14026000000,Сунтарский,у,1
13010000000,Инсарский,р-н,1
13012000000,Кадошкинский,р-н,1
16021000000,Зеленодольский,р-н,1
16030000000,Муслюмовский,р-н,1
15004000000,Дигорский,р-н,1
16014000000,Бугульминский,р-н,1
16017000000,Высокогорский,р-н,1
16022000000,Кайбицкий,р-н,1
15007000000,Моздокский,р-н,1
16019000000,Елабужский,р-н,1
15003000000,Ардонский,р-н,1
16018000000,Дрожжановский,р-н,1
15005000000,Ирафский,р-н,1
16009000000,Апастовский,р-н,1
16027000000,Мамадышский,р-н,1
16011000000,Атнинский,р-н,1
15009000000,Пригородный,р-н,1
15006000000,Кировский,р-н,1
16026000000,Лениногорский,р-н,1
16002000000,Агрызский,р-н,1
15002000000,Алагирский,р-н,1
16023000000,Камско-Устьинский,р-н,1
16005000000,Актанышский,р-н,1
16025000000,Лаишевский,р-н,1
16010000000,Арский,р-н,1
16015000000,Буинский,р-н,1
16028000000,Менделеевский,р-н,1
15008000000,Правобережный,р-н,1
16024000000,Кукморский,р-н,1
16031000000,Нижнекамский,р-н,1
16029000000,Мензелинский,р-н,1
16013000000,Балтасинский,р-н,1
16016000000,Верхнеуслонский,р-н,1
16006000000,Алексеевский,р-н,1
16020000000,Заинский,р-н,1
16008000000,Альметьевский,р-н,1
16004000000,Аксубаевский,р-н,1
16007000000,Алькеевский,р-н,1
16003000000,Азнакаевский,р-н,1
16012000000,Бавлинский,р-н,1
14034000000,"Эвено-Бытантайский Национальный",у,1
14033000000,Чурапчинский,у,1
16039000000,Тетюшский,р-н,1
18004000000,Вавожский,р-н,1
16038000000,Спасский,р-н,1
16034000000,Пестречинский,р-н,1
18003000000,Балезинский,р-н,1
16037000000,Сармановский,р-н,1
16043000000,Чистопольский,р-н,1
16032000000,Новошешминский,р-н,1
16041000000,Тюлячинский,р-н,1
18002000000,Алнашский,р-н,1
16036000000,Сабинский,р-н,1
16040000000,Тукаевский,р-н,1
17016000000,Чеди-Хольский,р-н,1
18007000000,Граховский,р-н,1
18010000000,Игринский,р-н,1
18008000000,Дебесский,р-н,1
17009000000,Пий-Хемский,р-н,1
17006000000,Кызылский,р-н,1
17005000000,Каа-Хемский,р-н,1
17011000000,Тандинский,р-н,1
17014000000,Улуг-Хемский,р-н,1
17012000000,Тес-Хемский,р-н,1
17015000000,Чаа-Хольский,р-н,1
17013000000,Тоджинский,р-н,1
17018000000,Тере-Хольский,р-н,1
17002000000,Бай-Тайгинский,р-н,1
17003000000,Барун-Хемчикский,р-н,1
17004000000,Дзун-Хемчикский,р-н,1
17007000000,Монгун-Тайгинский,р-н,1
17008000000,Овюрский,р-н,1
17010000000,Сут-Хольский,р-н,1
16042000000,Черемшанский,р-н,1
16035000000,Рыбно-Слободский,р-н,1
16033000000,Нурлатский,р-н,1
16044000000,Ютазинский,р-н,1
17017000000,Эрзинский,р-н,1
18005000000,Воткинский,р-н,1
18009000000,Завьяловский,р-н,1
18006000000,Глазовский,р-н,1
18022000000,Увинский,р-н,1
19005000000,Боградский,р-н,1
18011000000,Камбарский,р-н,1
18018000000,Можгинский,р-н,1
18019000000,Сарапульский,р-н,1
18021000000,Сюмсинский,р-н,1
18017000000,Малопургинский,р-н,1
19003000000,Аскизский,р-н,1
18015000000,Киясовский,р-н,1
18014000000,Кизнерский,р-н,1
18020000000,Селтинский,р-н,1
18012000000,Каракулинский,р-н,1
18025000000,Якшур-Бодьинский,р-н,1
18013000000,Кезский,р-н,1
20002000000,Ачхой-Мартановский,р-н,1
20003000000,Веденский,р-н,1
20004000000,Грозненский,р-н,1
20005000000,Гудермесский,р-н,1
19008000000,Усть-Абаканский,р-н,1
19002000000,Алтайский,р-н,1
19009000000,Ширинский,р-н,1
19004000000,Бейский,р-н,1
19007000000,Таштыпский,р-н,1
19006000000,Орджоникидзевский,р-н,1
18023000000,Шарканский,р-н,1
18016000000,Красногорский,р-н,1
18026000000,Ярский,р-н,1
18024000000,Юкаменский,р-н,1
22002000000,Алейский,р-н,1
21014000000,Порецкий,р-н,1
21010000000,Красноармейский,р-н,1
21008000000,Козловский,р-н,1
21002000000,Алатырский,р-н,1
22004000000,Баевский,р-н,1
21016000000,Цивильский,р-н,1
21019000000,Шумерлинский,р-н,1
21015000000,Урмарский,р-н,1
20019000000,Шаройский,р-н,1
21013000000,Моргаушский,р-н,1
21011000000,Красночетайский,р-н,1
22003000000,Алтайский,р-н,1
21022000000,Янтиковский,р-н,1
21007000000,Канашский,р-н,1
21012000000,Мариинско-Посадский,р-н,1
21017000000,Чебоксарский,р-н,1
21004000000,Батыревский,р-н,1
21020000000,Ядринский,р-н,1
21006000000,Ибресинский,р-н,1
21003000000,Аликовский,р-н,1
21005000000,Вурнарский,р-н,1
21018000000,Шемуршинский,р-н,1
21009000000,Комсомольский,р-н,1
20012000000,Шалинский,р-н,1
20028000000,Итум-Калинский,р-н,1
20006000000,Курчалоевский,р-н,1
20007000000,Надтеречный,р-н,1
20009000000,Ножай-Юртовский,р-н,1
20029000000,Сунженский,р-н,1
20010000000,Урус-Мартановский,р-н,1
20018000000,Шатойский,р-н,1
20011000000,Шелковской,р-н,1
20008000000,Наурский,р-н,1
22005000000,Бийский,р-н,1
21021000000,Яльчикский,р-н,1
22047000000,Табунский,р-н,1
22007000000,Бурлинский,р-н,1
22050000000,Топчихинский,р-н,1
22057000000,Хабарский,р-н,1
22023000000,Крутихинский,р-н,1
22040000000,Рубцовский,р-н,1
22010000000,Егорьевский,р-н,1
22009000000,Волчихинский,р-н,1
22038000000,Родинский,р-н,1
22018000000,Каменский,р-н,1
22024000000,Кулундинский,р-н,1
22046000000,Суетский,р-н,1
22033000000,Панкрушихинский,р-н,1
22019000000,Ключевский,р-н,1
22015000000,Змеиногорский,р-н,1
22017000000,Калманский,р-н,1
22029000000,Михайловский,р-н,1
22006000000,Благовещенский,р-н,1
22030000000,"Немецкий Национальный",р-н,1
22012000000,Завьяловский,р-н,1
22028000000,Мамонтовский,р-н,1
22053000000,Тюменцевский,р-н,1
22032000000,Павловский,р-н,1
22060000000,Шелаболихинский,р-н,1
22037000000,Ребрихинский,р-н,1
22014000000,Заринский,р-н,1
22013000000,Залесовский,р-н,1
22049000000,Тогульский,р-н,1
22044000000,Солонешенский,р-н,1
22035000000,Петропавловский,р-н,1
22043000000,Советский,р-н,1
22042000000,Смоленский,р-н,1
22036000000,Поспелихинский,р-н,1
22056000000,Усть-Пристанский,р-н,1
22059000000,Чарышский,р-н,1
22051000000,Третьяковский,р-н,1
22022000000,Краснощёковский,р-н,1
22025000000,Курьинский,р-н,1
22054000000,Угловский,р-н,1
22008000000,Быстроистокский,р-н,1
22026000000,Кытмановский,р-н,1
22055000000,Усть-Калманский,р-н,1
22031000000,Новичихинский,р-н,1
22027000000,Локтевский,р-н,1
22061000000,Шипуновский,р-н,1
22039000000,Романовский,р-н,1
22052000000,Троицкий,р-н,1
22020000000,Косихинский,р-н,1
22034000000,Первомайский,р-н,1
22048000000,Тальменский,р-н,1
22058000000,Целинный,р-н,1
22045000000,Солтонский,р-н,1
22021000000,Красногорский,р-н,1
22011000000,Ельцовский,р-н,1
22016000000,Зональный,р-н,1
23017000000,Крыловский,р-н,1
23015000000,Кореновский,р-н,1
23004000000,Апшеронский,р-н,1
23006000000,Белореченский,р-н,1
23007000000,Брюховецкий,р-н,1
23010000000,Динской,р-н,1
23020000000,Кущевский,р-н,1
23012000000,Кавказский,р-н,1
23003000000,Анапский,р-н,1
23013000000,Калининский,р-н,1
23014000000,Каневской,р-н,1
23016000000,Красноармейский,р-н,1
23009000000,Гулькевичский,р-н,1
23011000000,Ейский,р-н,1
23021000000,Лабинский,р-н,1
23008000000,Выселковский,р-н,1
23005000000,Белоглинский,р-н,1
23002000000,Абинский,р-н,1
23018000000,Крымский,р-н,1
23019000000,Курганинский,р-н,1
23036000000,Туапсинский,р-н,1
23038000000,Усть-Лабинский,р-н,1
23033000000,Темрюкский,р-н,1
24002000000,Абанский,р-н,1
23030000000,Славянский,р-н,1
23037000000,Успенский,р-н,1
23022000000,Ленинградский,р-н,1
24003000000,Ачинский,р-н,1
23034000000,Тимашевский,р-н,1
23027000000,Павловский,р-н,1
23039000000,Щербиновский,р-н,1
23026000000,Отрадненский,р-н,1
23024000000,Новокубанский,р-н,1
23032000000,Тбилисский,р-н,1
23029000000,Северский,р-н,1
23031000000,Староминский,р-н,1
23023000000,Мостовский,р-н,1
23028000000,Приморско-Ахтарский,р-н,1
24004000000,Балахтинский,р-н,1
23035000000,Тихорецкий,р-н,1
23025000000,Новопокровский,р-н,1
24011000000,Дзержинский,р-н,1
24016000000,Иланский,р-н,1
24006000000,Бирилюсский,р-н,1
24009000000,Большемуртинский,р-н,1
24012000000,Емельяновский,р-н,1
24041000000,Уярский,р-н,1
24021000000,Кежемский,р-н,1
24019000000,Канский,р-н,1
24036000000,Сухобузимский,р-н,1
24039000000,Тюхтетский,р-н,1
24010000000,Большеулуйский,р-н,1
24042000000,Шарыповский,р-н,1
24031000000,Партизанский,р-н,1
24034000000,Саянский,р-н,1
24022000000,Козульский,р-н,1
24029000000,Нижнеингашский,р-н,1
24007000000,Боготольский,р-н,1
24037000000,Тасеевский,р-н,1
24043000000,Шушенский,р-н,1
24040000000,Ужурский,р-н,1
24014000000,Ермаковский,р-н,1
24030000000,Новоселовский,р-н,1
24048000000,"Таймырский Долгано-Ненецкий",р-н,1
24017000000,Ирбейский,р-н,1
24020000000,Каратузский,р-н,1
24028000000,Назаровский,р-н,1
24013000000,Енисейский,р-н,1
24025000000,Манский,р-н,1
24038000000,Туруханский,р-н,1
24032000000,Пировский,р-н,1
24027000000,Мотыгинский,р-н,1
24018000000,Казачинский,р-н,1
24035000000,Северо-Енисейский,р-н,1
24033000000,Рыбинский,р-н,1
24023000000,Краснотуранский,р-н,1
24026000000,Минусинский,р-н,1
24024000000,Курагинский,р-н,1
24015000000,Идринский,р-н,1
24005000000,Березовский,р-н,1
24044000000,Эвенкийский,р-н,1
24008000000,Богучанский,р-н,1
26018000000,Нефтекумский,р-н,1
25012000000,Октябрьский,р-н,1
25022000000,Хорольский,р-н,1
25011000000,Надеждинский,р-н,1
26003000000,Андроповский,р-н,1
25008000000,Лазовский,р-н,1
26015000000,Курский,р-н,1
25010000000,Михайловский,р-н,1
25014000000,Партизанский,р-н,1
25023000000,Черниговский,р-н,1
25015000000,Пограничный,р-н,1
26007000000,Буденновский,р-н,1
25021000000,Хасанский,р-н,1
26008000000,Георгиевский,р-н,1
26021000000,Петровский,р-н,1
26012000000,Кировский,р-н,1
26016000000,Левокумский,р-н,1
25018000000,Тернейский,р-н,1
25017000000,Спасский,р-н,1
26011000000,Ипатовский,р-н,1
25020000000,Ханкайский,р-н,1
26017000000,Минераловодский,р-н,1
26005000000,Арзгирский,р-н,1
25025000000,Шкотовский,р-н,1
26013000000,Кочубеевский,р-н,1
25013000000,Ольгинский,р-н,1
25019000000,Уссурийский,р-н,1
26014000000,Красногвардейский,р-н,1
26009000000,Грачевский,р-н,1
26002000000,Александровский,р-н,1
25006000000,Кировский,р-н,1
25004000000,Дальнереченский,р-н,1
25007000000,Красноармейский,р-н,1
25016000000,Пожарский,р-н,1
26006000000,Благодарненский,р-н,1
26020000000,Новоселицкий,р-н,1
26010000000,Изобильненский,р-н,1
25024000000,Чугуевский,р-н,1
25002000000,Анучинский,р-н,1
25026000000,Яковлевский,р-н,1
26019000000,Новоалександровский,р-н,1
26004000000,Апанасенковский,р-н,1
25005000000,Кавалеровский,р-н,1
28017000000,Сковородинский,р-н,1
26022000000,Предгорный,р-н,1
28018000000,Тамбовский,р-н,1
28020000000,Шимановский,р-н,1
26025000000,Труновский,р-н,1
28003000000,Белогорский,р-н,1
28019000000,Тындинский,р-н,1
28004000000,Бурейский,р-н,1
27005000000,Ванинский,р-н,1
26023000000,Советский,р-н,1
27018000000,Хабаровский,р-н,1
29003000000,Верхнетоемский,р-н,1
27012000000,Николаевский,р-н,1
28011000000,Михайловский,р-н,1
27002000000,Амурский,р-н,1
27016000000,Тугуро-Чумиканский,р-н,1
28010000000,Мазановский,р-н,1
27011000000,Нанайский,р-н,1
28015000000,Селемджинский,р-н,1
27003000000,Аяно-Майский,р-н,1
28014000000,Свободненский,р-н,1
27014000000,Советско-Гаванский,р-н,1
27017000000,Ульчский,р-н,1
28001000000,Благовещенский,р-н,1
27013000000,Охотский,р-н,1
27010000000,Комсомольский,р-н,1
28013000000,Ромненский,р-н,1
28012000000,Октябрьский,р-н,1
28007000000,Ивановский,р-н,1
28016000000,Серышевский,р-н,1
28008000000,Константиновский,р-н,1
28005000000,Завитинский,р-н,1
29006000000,Каргопольский,р-н,1
29004000000,Вилегодский,р-н,1
26024000000,Степновский,р-н,1
28002000000,Архаринский,р-н,1
27004000000,Бикинский,р-н,1
27008000000,"Имени Лазо",р-н,1
27006000000,Верхнебуреинский,р-н,1
27009000000,"Имени Полины Осипенко",р-н,1
27015000000,Солнечный,р-н,1
26026000000,Туркменский,р-н,1
29002000000,Вельский,р-н,1
27007000000,Вяземский,р-н,1
28006000000,Зейский,р-н,1
26027000000,Шпаковский,р-н,1
29001000000,Приморский,р-н,1
28009000000,Магдагачинский,р-н,1
29005000000,Виноградовский,р-н,1
31004000000,Валуйский,р-н,1
29007000000,Коношский,р-н,1
29012000000,Мезенский,р-н,1
30006000000,Камызякский,р-н,1
31006000000,Волоконовский,р-н,1
29008000000,Котласский,р-н,1
29016000000,Плесецкий,р-н,1
29009000000,Красноборский,р-н,1
29013000000,Няндомский,р-н,1
31003000000,Борисовский,р-н,1
29014000000,Онежский,р-н,1
31005000000,Вейделевский,р-н,1
29010000000,Ленский,р-н,1
30002000000,Ахтубинский,р-н,1
30005000000,Икрянинский,р-н,1
30008000000,Лиманский,р-н,1
30012000000,Черноярский,р-н,1
29017000000,Устьянский,р-н,1
29020000000,Соловецкий,р-н,1
29011000000,Лешуконский,р-н,1
29019000000,Шенкурский,р-н,1
30009000000,Наримановский,р-н,1
30004000000,Енотаевский,р-н,1
30003000000,Володарский,р-н,1
31007000000,Грайворонский,р-н,1
30010000000,Приволжский,р-н,1
30007000000,Красноярский,р-н,1
30011000000,Харабалинский,р-н,1
29015000000,Пинежский,р-н,1
29018000000,Холмогорский,р-н,1
31002000000,Алексеевский,р-н,1
31010000000,Корочанский,р-н,1
32001000000,Брянский,р-н,1
31021000000,Яковлевский,р-н,1
31017000000,Ровеньский,р-н,1
31019000000,Чернянский,р-н,1
31020000000,Шебекинский,р-н,1
31022000000,Белгородский,р-н,1
31018000000,Старооскольский,р-н,1
31013000000,Краснояружский,р-н,1
31015000000,Прохоровский,р-н,1
31016000000,Ракитянский,р-н,1
31014000000,Новооскольский,р-н,1
31009000000,Ивнянский,р-н,1
31008000000,Губкинский,р-н,1
31011000000,Красненский,р-н,1
31012000000,Красногвардейский,р-н,1
32002000000,Брасовский,р-н,1
32003000000,Выгоничский,р-н,1
32004000000,Гордеевский,р-н,1
32005000000,Дубровский,р-н,1
32019000000,Погарский,р-н,1
32018000000,Новозыбковский,р-н,1
32025000000,Суражский,р-н,1
32015000000,Красногорский,р-н,1
32023000000,Стародубский,р-н,1
32024000000,Суземский,р-н,1
32022000000,Севский,р-н,1
32007000000,Жирятинский,р-н,1
32008000000,Жуковский,р-н,1
32009000000,Злынковский,р-н,1
32027000000,Унечский,р-н,1
32026000000,Трубчевский,р-н,1
32020000000,Почепский,р-н,1
32021000000,Рогнединский,р-н,1
32011000000,Клетнянский,р-н,1
32012000000,Климовский,р-н,1
32013000000,Клинцовский,р-н,1
32014000000,Комаричский,р-н,1
32016000000,Мглинский,р-н,1
32017000000,Навлинский,р-н,1
32010000000,Карачевский,р-н,1
32006000000,Дятьковский,р-н,1
33007000000,Киржачский,р-н,1
33012000000,Петушинский,р-н,1
33002000000,Александровский,р-н,1
33003000000,Вязниковский,р-н,1
33008000000,Ковровский,р-н,1
33009000000,Кольчугинский,р-н,1
33011000000,Муромский,р-н,1
33013000000,Селивановский,р-н,1
33014000000,Собинский,р-н,1
33017000000,Юрьев-Польский,р-н,1
33006000000,Камешковский,р-н,1
33016000000,Суздальский,р-н,1
33004000000,Гороховецкий,р-н,1
33005000000,Гусь-Хрустальный,р-н,1
33010000000,Меленковский,р-н,1
33015000000,Судогодский,р-н,1
34013000000,Клетский,р-н,1
34010000000,Калачевский,р-н,1
34004000000,Городищенский,р-н,1
34006000000,Дубовский,р-н,1
34016000000,Кумылженский,р-н,1
34027000000,Серафимовичский,р-н,1
34012000000,Киквидзенский,р-н,1
34003000000,Быковский,р-н,1
34005000000,Даниловский,р-н,1
34007000000,Еланский,р-н,1
34008000000,Жирновский,р-н,1
34009000000,Иловлинский,р-н,1
34031000000,Урюпинский,р-н,1
34021000000,Новоаннинский,р-н,1
34017000000,Ленинский,р-н,1
34029000000,Старополтавский,р-н,1
34033000000,Чернышковский,р-н,1
34032000000,Фроловский,р-н,1
34026000000,Светлоярский,р-н,1
34028000000,Среднеахтубинский,р-н,1
34018000000,Михайловский,р-н,1
34023000000,Ольховский,р-н,1
34022000000,Октябрьский,р-н,1
34024000000,Палласовский,р-н,1
34030000000,Суровикинский,р-н,1
34011000000,Камышинский,р-н,1
34014000000,Котельниковский,р-н,1
34025000000,Руднянский,р-н,1
34015000000,Котовский,р-н,1
34020000000,Николаевский,р-н,1
34002000000,Алексеевский,р-н,1
34019000000,Нехаевский,р-н,1
34034000000,Новониколаевский,р-н,1
35012000000,Кирилловский,р-н,1
35025000000,Череповецкий,р-н,1
35010000000,Грязовецкий,р-н,1
36004000000,Богучарский,р-н,1
35022000000,Устюженский,р-н,1
35020000000,Тотемский,р-н,1
35018000000,Сямженский,р-н,1
35004000000,Белозерский,р-н,1
35002000000,Бабаевский,р-н,1
35016000000,Нюксенский,р-н,1
35008000000,Вожегодский,р-н,1
36002000000,Аннинский,р-н,1
36005000000,Борисоглебский,р-н,1
35011000000,Кадуйский,р-н,1
35019000000,Тарногский,р-н,1
35005000000,Вашкинский,р-н,1
36003000000,Бобровский,р-н,1
35014000000,Междуреченский,р-н,1
35006000000,Великоустюгский,р-н,1
35001000000,Вологодский,р-н,1
35026000000,Шекснинский,р-н,1
35024000000,Чагодощенский,р-н,1
35015000000,Никольский,р-н,1
35003000000,Бабушкинский,р-н,1
35023000000,Харовский,р-н,1
35009000000,Вытегорский,р-н,1
35017000000,Сокольский,р-н,1
35021000000,Усть-Кубинский,р-н,1
35007000000,Верховажский,р-н,1
35013000000,Кичменгско-Городецкий,р-н,1
37002000000,Верхнеландеховский,р-н,1
36010000000,Грибановский,р-н,1
37010000000,Лухский,р-н,1
37001000000,Ивановский,р-н,1
36011000000,Калачеевский,р-н,1
36021000000,Павловский,р-н,1
37006000000,Ильинский,р-н,1
36032000000,Хохольский,р-н,1
36015000000,Лискинский,р-н,1
37008000000,Комсомольский,р-н,1
36030000000,Таловский,р-н,1
36022000000,Панинский,р-н,1
36012000000,Каменский,р-н,1
36033000000,Эртильский,р-н,1
37007000000,Кинешемский,р-н,1
36019000000,Ольховатский,р-н,1
36024000000,Поворинский,р-н,1
37009000000,Лежневский,р-н,1
36029000000,Семилукский,р-н,1
36016000000,Нижнедевицкий,р-н,1
37005000000,Заволжский,р-н,1
36023000000,Петропавловский,р-н,1
36025000000,Подгоренский,р-н,1
36006000000,Бутурлиновский,р-н,1
36028000000,Россошанский,р-н,1
36031000000,Терновский,р-н,1
36007000000,Верхнемамонский,р-н,1
37003000000,Вичугский,р-н,1
36013000000,Кантемировский,р-н,1
36027000000,Репьевский,р-н,1
36014000000,Каширский,р-н,1
36008000000,Верхнехавский,р-н,1
36017000000,Новоусманский,р-н,1
36020000000,Острогожский,р-н,1
36018000000,Новохоперский,р-н,1
37011000000,Палехский,р-н,1
37004000000,Гаврилово-Посадский,р-н,1
36026000000,Рамонский,р-н,1
36009000000,Воробьевский,р-н,1
38009000000,Казачинско-Ленский,р-н,1
37012000000,Пестяковский,р-н,1
37014000000,Пучежский,р-н,1
37021000000,Юрьевецкий,р-н,1
37013000000,Приволжский,р-н,1
38010000000,Катангский,р-н,1
38003000000,Балаганский,р-н,1
38012000000,Киренский,р-н,1
38007000000,Заларинский,р-н,1
37015000000,Родниковский,р-н,1
37018000000,Фурмановский,р-н,1
38004000000,Бодайбинский,р-н,1
37016000000,Савинский,р-н,1
38005000000,Братский,р-н,1
37019000000,Шуйский,р-н,1
37020000000,Южский,р-н,1
37017000000,Тейковский,р-н,1
38001000000,Иркутский,р-н,1
38011000000,Качугский,р-н,1
38002000000,Ангарский,р-н,1
38006000000,Жигаловский,р-н,1
38008000000,Зиминский,р-н,1
38020000000,Тулунский,р-н,1
38021000000,Усольский,р-н,1
38023000000,Усть-Кутский,р-н,1
38013000000,Куйтунский,р-н,1
38019000000,Тайшетский,р-н,1
38025000000,Черемховский,р-н,1
38131000000,Нукутский,р-н,1
38024000000,Усть-Удинский,р-н,1
38022000000,Усть-Илимский,р-н,1
38133000000,Эхирит-Булагатский,р-н,1
38132000000,Осинский,р-н,1
38129000000,Баяндаевский,р-н,1
38130000000,Боханский,р-н,1
38128000000,Аларский,р-н,1
38018000000,Слюдянский,р-н,1
38017000000,Ольхонский,р-н,1
38015000000,Нижнеилимский,р-н,1
38026000000,Чунский,р-н,1
38016000000,Нижнеудинский,р-н,1
38014000000,Мамско-Чуйский,р-н,1
38027000000,Шелеховский,р-н,1
39006000000,Зеленоградский,р-н,1
39003000000,Гвардейский,р-н,1
39002000000,Багратионовский,р-н,1
39004000000,Гурьевский,р-н,1
39005000000,Гусевский,р-н,1
40015000000,Малоярославецкий,р-н,1
41002000000,Алеутский,р-н,1
40009000000,Жуковский,р-н,1
41003000000,Быстринский,р-н,1
40012000000,Козельский,р-н,1
40004000000,Боровский,р-н,1
41005000000,Елизовский,р-н,1
40011000000,Кировский,р-н,1
40018000000,Мосальский,р-н,1
40005000000,Спас-Деменский,р-н,1
40013000000,Куйбышевский,р-н,1
40003000000,Барятинский,р-н,1
40014000000,Людиновский,р-н,1
40008000000,Жиздринский,р-н,1
40021000000,Тарусский,р-н,1
40023000000,Ферзиковский,р-н,1
40016000000,Медынский,р-н,1
40025000000,Юхновский,р-н,1
40007000000,Думиничский,р-н,1
40024000000,Хвастовичский,р-н,1
39007000000,Краснознаменский,р-н,1
39009000000,Нестеровский,р-н,1
39010000000,Озерский,р-н,1
39013000000,Славский,р-н,1
39014000000,Черняховский,р-н,1
39012000000,Правдинский,р-н,1
40017000000,Мещовский,р-н,1
40020000000,Сухиничский,р-н,1
40022000000,Ульяновский,р-н,1
40002000000,Бабынинский,р-н,1
40019000000,Перемышльский,р-н,1
40006000000,Дзержинский,р-н,1
40010000000,Износковский,р-н,1
39011000000,Полесский,р-н,1
39008000000,Неманский,р-н,1
39016000000,Светлогорский,р-н,1
39015000000,Балтийский,р-н,1
42019000000,Яшкинский,р-н,1
41011000000,Олюторский,р-н,1
41013000000,Тигильский,р-н,1
41008000000,Усть-Большерецкий,р-н,1
41009000000,Усть-Камчатский,р-н,1
41006000000,Мильковский,р-н,1
41012000000,Пенжинский,р-н,1
41010000000,Карагинский,р-н,1
42006000000,Ленинск-Кузнецкий,р-н,1
42005000000,Крапивинский,р-н,1
41007000000,Соболевский,р-н,1
42011000000,Промышленновский,р-н,1
42002000000,Беловский,р-н,1
42003000000,Гурьевский,р-н,1
42016000000,Чебулинский,р-н,1
42009000000,Новокузнецкий,р-н,1
42001000000,Кемеровский,р-н,1
42013000000,Тисульский,р-н,1
42007000000,Мариинский,р-н,1
42015000000,Тяжинский,р-н,1
42010000000,Прокопьевский,р-н,1
42017000000,Юргинский,р-н,1
42014000000,Топкинский,р-н,1
42018000000,Яйский,р-н,1
42004000000,Ижморский,р-н,1
42012000000,Таштагольский,р-н,1
44002000000,Антроповский,р-н,1
44005000000,Галичский,р-н,1
44004000000,Вохомский,р-н,1
44003000000,Буйский,р-н,1
43028000000,Подосиновский,р-н,1
43017000000,Лузский,р-н,1
43006000000,Верхнекамский,р-н,1
43004000000,Белохолуницкий,р-н,1
43020000000,Нагорский,р-н,1
43034000000,Тужинский,р-н,1
43011000000,Кикнурский,р-н,1
43040000000,Яранский,р-н,1
43029000000,Санчурский,р-н,1
43010000000,Зуевский,р-н,1
43037000000,Фаленский,р-н,1
43038000000,Шабалинский,р-н,1
43030000000,Свечинский,р-н,1
43026000000,Орловский,р-н,1
43025000000,Оричевский,р-н,1
43009000000,Даровской,р-н,1
43035000000,Унинский,р-н,1
43022000000,Нолинский,р-н,1
43005000000,Богородский,р-н,1
43033000000,Сунский,р-н,1
43015000000,Куменский,р-н,1
43007000000,Верхошижемский,р-н,1
43032000000,Советский,р-н,1
43002000000,Арбажский,р-н,1
43027000000,Пижанский,р-н,1
43016000000,Лебяжский,р-н,1
43036000000,Уржумский,р-н,1
43019000000,Мурашинский,р-н,1
43014000000,Котельничский,р-н,1
43021000000,Немский,р-н,1
43023000000,Омутнинский,р-н,1
43031000000,Слободской,р-н,1
43024000000,Опаринский,р-н,1
43003000000,Афанасьевский,р-н,1
43039000000,Юрьянский,р-н,1
43008000000,Вятскополянский,р-н,1
43018000000,Малмыжский,р-н,1
43013000000,Кирово-Чепецкий,р-н,1
43012000000,Кильмезский,р-н,1
44001000000,Костромской,р-н,1
45017000000,Притобольный,р-н,1
46006000000,Дмитриевский,р-н,1
44020000000,Солигаличский,р-н,1
45003000000,Белозерский,р-н,1
46003000000,Большесолдатский,р-н,1
44010000000,Мантуровский,р-н,1
45016000000,Половинский,р-н,1
46002000000,Беловский,р-н,1
44008000000,Красносельский,р-н,1
45022000000,Шатровский,р-н,1
45020000000,Частоозерский,р-н,1
44019000000,Пыщугский,р-н,1
46008000000,Золотухинский,р-н,1
44011000000,Межевской,р-н,1
44013000000,Нерехтский,р-н,1
44017000000,Парфеньевский,р-н,1
44009000000,Макарьевский,р-н,1
45007000000,Каргапольский,р-н,1
45009000000,Кетовский,р-н,1
45006000000,Звериноголовский,р-н,1
46004000000,Глушковский,р-н,1
45004000000,Варгашинский,р-н,1
44012000000,Нейский,р-н,1
44024000000,Шарьинский,р-н,1
44018000000,Поназыревский,р-н,1
46007000000,Железногорский,р-н,1
44023000000,Чухломский,р-н,1
45015000000,Петуховский,р-н,1
44007000000,Кологривский,р-н,1
44021000000,Судиславский,р-н,1
44015000000,Островский,р-н,1
44006000000,Кадыйский,р-н,1
44014000000,Октябрьский,р-н,1
44016000000,Павинский,р-н,1
44022000000,Сусанинский,р-н,1
46005000000,Горшеченский,р-н,1
46009000000,Касторенский,р-н,1
45021000000,Шадринский,р-н,1
45010000000,Куртамышский,р-н,1
45018000000,Сафакулевский,р-н,1
45002000000,Альменевский,р-н,1
45023000000,Шумихинский,р-н,1
45024000000,Щучанский,р-н,1
45019000000,Целинный,р-н,1
45013000000,Мишкинский,р-н,1
45014000000,Мокроусовский,р-н,1
45012000000,Макушинский,р-н,1
45008000000,Катайский,р-н,1
45011000000,Лебяжьевский,р-н,1
45005000000,Далматовский,р-н,1
45025000000,Юргамышский,р-н,1
46029000000,Курский,р-н,1
46016000000,Обоянский,р-н,1
46017000000,Октябрьский,р-н,1
46024000000,Тимский,р-н,1
46018000000,Поныровский,р-н,1
46022000000,Солнцевский,р-н,1
47002000000,Бокситогорский,р-н,1
46026000000,Хомутовский,р-н,1
46020000000,Рыльский,р-н,1
46027000000,Черемисиновский,р-н,1
46023000000,Суджанский,р-н,1
46028000000,Щигровский,р-н,1
46014000000,Мантуровский,р-н,1
46019000000,Пристенский,р-н,1
46025000000,Фатежский,р-н,1
46011000000,Кореневский,р-н,1
46021000000,Советский,р-н,1
46015000000,Медвенский,р-н,1
47005000000,Всеволожский,р-н,1
46013000000,Льговский,р-н,1
46010000000,Конышевский,р-н,1
46012000000,Курчатовский,р-н,1
47007000000,Гатчинский,р-н,1
47003000000,Волосовский,р-н,1
47004000000,Волховский,р-н,1
47006000000,Выборгский,р-н,1
48006000000,Добровский,р-н,1
47016000000,Сланцевский,р-н,1
48012000000,Лебедянский,р-н,1
47017000000,Тихвинский,р-н,1
47018000000,Тосненский,р-н,1
48011000000,Краснинский,р-н,1
48013000000,Лев-Толстовский,р-н,1
48018000000,Чаплыгинский,р-н,1
47015000000,Приозерский,р-н,1
48004000000,Данковский,р-н,1
47012000000,Ломоносовский,р-н,1
48005000000,Добринский,р-н,1
47008000000,Кингисеппский,р-н,1
48016000000,Усманский,р-н,1
48009000000,Задонский,р-н,1
48017000000,Хлевенский,р-н,1
47010000000,Кировский,р-н,1
48002000000,Воловский,р-н,1
48007000000,Долгоруковский,р-н,1
48014000000,Становлянский,р-н,1
48010000000,Измалковский,р-н,1
48015000000,Тербунский,р-н,1
48008000000,Елецкий,р-н,1
47014000000,Подпорожский,р-н,1
47013000000,Лужский,р-н,1
47011000000,Лодейнопольский,р-н,1
47009000000,Киришский,р-н,1
48003000000,Грязинский,р-н,1
48019000000,Липецкий,р-н,1
50003000000,Волоколамский,р-н,1
50005000000,Дмитровский,р-н,1
50004000000,Воскресенский,р-н,1
49003000000,Омсукчанский,р-н,1
49009000000,Ягоднинский,р-н,1
49008000000,Хасынский,р-н,1
49007000000,Тенькинский,р-н,1
49006000000,Сусуманский,р-н,1
49005000000,Среднеканский,р-н,1
49004000000,Северо-Эвенский,р-н,1
49002000000,Ольский,р-н,1
50015000000,Лотошинский,р-н,1
50012000000,Коломенский,р-н,1
50013000000,Красногорский,р-н,1
50018000000,Можайский,р-н,1
50017000000,Люберецкий,р-н,1
50016000000,Луховицкий,р-н,1
50008000000,Зарайский,р-н,1
50011000000,Клинский,р-н,1
50014000000,Ленинский,р-н,1
50019000000,Мытищи,г.о.,1
50007000000,Егорьевский,г.о.,1
50009000000,Истринский,р-н,1
50010000000,Каширский,г.о.,1
50028000000,Раменский,р-н,1
50029000000,Рузский,р-н,1
50021000000,Ногинский,р-н,1
50020000000,Наро-Фоминский,р-н,1
50027000000,Пушкинский,р-н,1
50022000000,Одинцовский,р-н,1
50030000000,Сергиево-Посадский,р-н,1
50025000000,Павлово-Посадский,р-н,1
50026000000,Подольский,р-н,1
50024000000,Орехово-Зуевский,р-н,1
50023000000,Озерский,г.о.,1
51003000000,Кольский,р-н,1
50035000000,Талдомский,р-н,1
51002000000,Ковдорский,р-н,1
50033000000,Солнечногорский,р-н,1
50038000000,Шатурский,р-н,1
51004000000,Ловозерский,р-н,1
50037000000,Чеховский,р-н,1
51005000000,Печенгский,р-н,1
51001000000,Кандалакшский,р-н,1
50040000000,Щелковский,р-н,1
50032000000,Серпуховский,р-н,1
50039000000,Шаховской,р-н,1
50034000000,Ступинский,р-н,1
51006000000,Терский,р-н,1
50031000000,"Серебряные Пруды",г.о.,1
52027000000,Кстовский,р-н,1
52015000000,Воротынский,р-н,1
52021000000,Дальнеконстантиновский,р-н,1
52038000000,Сергачский,р-н,1
52035000000,Пильнинский,р-н,1
52012000000,Вачский,р-н,1
52003000000,Арзамасский,р-н,1
52016000000,Володарский,р-н,1
52019000000,Гагинский,р-н,1
52023000000,Княгининский,р-н,1
52017000000,Воскресенский,р-н,1
52026000000,Краснооктябрьский,р-н,1
52002000000,Ардатовский,р-н,1
52020000000,Городецкий,р-н,1
52024000000,Ковернинский,р-н,1
52030000000,Лысковский,р-н,1
52005000000,Богородский,р-н,1
52007000000,Большемурашкинский,р-н,1
52010000000,Вадский,р-н,1
52009000000,Бутурлинский,р-н,1
52006000000,Большеболдинский,р-н,1
52036000000,Починковский,р-н,1
52004000000,Балахнинский,р-н,1
52029000000,Лукояновский,р-н,1
52034000000,Перевозский,р-н,1
52022000000,Дивеевский,р-н,1
52014000000,Вознесенский,р-н,1
52011000000,Варнавинский,р-н,1
52025000000,Краснобаковский,р-н,1
52032000000,Павловский,р-н,1
52031000000,Навашинский,р-н,1
52013000000,Ветлужский,р-н,1
52042000000,Спасский,р-н,1
52040000000,Сокольский,р-н,1
53016000000,Солецкий,р-н,1
53011000000,Мошенской,р-н,1
54001000000,Новосибирский,р-н,1
53002000000,Батецкий,р-н,1
53008000000,Любытинский,р-н,1
53010000000,Марёвский,р-н,1
53001000000,Новгородский,р-н,1
53009000000,Маловишерский,р-н,1
53019000000,Холмский,р-н,1
52041000000,Сосновский,р-н,1
53013000000,Парфинский,р-н,1
52039000000,Сеченовский,р-н,1
53015000000,Поддорский,р-н,1
52043000000,Тонкинский,р-н,1
52048000000,Шатковский,р-н,1
53004000000,Валдайский,р-н,1
53007000000,Крестецкий,р-н,1
53012000000,Окуловский,р-н,1
53014000000,Пестовский,р-н,1
53006000000,Демянский,р-н,1
52046000000,Чкаловский,р-н,1
52047000000,Шарангский,р-н,1
52045000000,Уренский,р-н,1
52044000000,Тоншаевский,р-н,1
53021000000,Шимский,р-н,1
53018000000,Хвойнинский,р-н,1
53017000000,Старорусский,р-н,1
53003000000,Боровичский,р-н,1
53020000000,Чудовский,р-н,1
53005000000,Волотовский,р-н,1
54009000000,Карасукский,р-н,1
55016000000,Называевский,р-н,1
55019000000,Одесский,р-н,1
54002000000,Баганский,р-н,1
55017000000,Нижнеомский,р-н,1
54020000000,Ордынский,р-н,1
54015000000,Куйбышевский,р-н,1
54006000000,Доволенский,р-н,1
54007000000,Здвинский,р-н,1
55009000000,Колосовский,р-н,1
54008000000,Искитимский,р-н,1
54014000000,Краснозерский,р-н,1
54016000000,Купинский,р-н,1
54018000000,Маслянинский,р-н,1
55011000000,Крутинский,р-н,1
54011000000,Колыванский,р-н,1
54022000000,Сузунский,р-н,1
54028000000,Черепановский,р-н,1
54019000000,Мошковский,р-н,1
55002000000,"Азовский немецкий национальный",р-н,1
54021000000,Северный,р-н,1
54004000000,Болотнинский,р-н,1
55004000000,Большеуковский,р-н,1
55020000000,Оконешниковский,р-н,1
54013000000,Кочковский,р-н,1
55007000000,Исилькульский,р-н,1
54024000000,Тогучинский,р-н,1
54003000000,Барабинский,р-н,1
54012000000,Коченевский,р-н,1
54010000000,Каргатский,р-н,1
54025000000,Убинский,р-н,1
54030000000,Чулымский,р-н,1
54023000000,Татарский,р-н,1
54026000000,Усть-Таркский,р-н,1
54029000000,Чистоозерный,р-н,1
54005000000,Венгеровский,р-н,1
54027000000,Чановский,р-н,1
54017000000,Кыштовский,р-н,1
55008000000,Калачинский,р-н,1
55006000000,Знаменский,р-н,1
55003000000,Большереченский,р-н,1
55010000000,Кормиловский,р-н,1
55021000000,Омский,р-н,1
55012000000,Любинский,р-н,1
55005000000,Горьковский,р-н,1
55013000000,Марьяновский,р-н,1
55014000000,Москаленский,р-н,1
55015000000,Муромцевский,р-н,1
55018000000,Нововаршавский,р-н,1
55027000000,Таврический,р-н,1
56018000000,Северный,р-н,1
55022000000,Павлоградский,р-н,1
56002000000,Акбулакский,р-н,1
56003000000,Бугурусланский,р-н,1
56045000000,Беляевский,р-н,1
55024000000,Русско-Полянский,р-н,1
55029000000,Тевризский,р-н,1
56015000000,Соль-Илецкий,р-н,1
56019000000,Оренбургский,р-н,1
56007000000,Тюльганский,р-н,1
56014000000,Саракташский,р-н,1
55028000000,Тарский,р-н,1
55030000000,Тюкалинский,р-н,1
55031000000,Усть-Ишимский,р-н,1
55023000000,Полтавский,р-н,1
55025000000,Саргатский,р-н,1
55026000000,Седельниковский,р-н,1
55032000000,Черлакский,р-н,1
55033000000,Шербакульский,р-н,1
56012000000,Бузулукский,р-н,1
56016000000,Курманаевский,р-н,1
56005000000,Сакмарский,р-н,1
56020000000,Новосергиевский,р-н,1
56047000000,Илекский,р-н,1
56010000000,Новоорский,р-н,1
56046000000,Домбаровский,р-н,1
56027000000,Светлинский,р-н,1
56043000000,Адамовский,р-н,1
56008000000,Ясненский,р-н,1
56041000000,Пономаревский,р-н,1
56034000000,Матвеевский,р-н,1
56040000000,Переволоцкий,р-н,1
56006000000,Сорочинский,р-н,1
56021000000,Грачевский,р-н,1
56011000000,Первомайский,р-н,1
56017000000,Тоцкий,р-н,1
56004000000,Гайский,р-н,1
56013000000,Кувандыкский,р-н,1
56042000000,Александровский,р-н,1
56009000000,Асекеевский,р-н,1
58021000000,Неверкинский,р-н,1
58005000000,Белинский,р-н,1
58022000000,Нижнеломовский,р-н,1
58003000000,Спасский,р-н,1
58002000000,Башмаковский,р-н,1
58011000000,Каменский,р-н,1
58020000000,Наровчатский,р-н,1
58010000000,Иссинский,р-н,1
58009000000,Земетчинский,р-н,1
58012000000,Камешкирский,р-н,1
58006000000,Бессоновский,р-н,1
58008000000,Городищенский,р-н,1
58019000000,Мокшанский,р-н,1
58015000000,Кузнецкий,р-н,1
58017000000,Лунинский,р-н,1
58007000000,Вадинский,р-н,1
57006000000,Должанский,р-н,1
57013000000,Ливенский,р-н,1
57002000000,Болховский,р-н,1
57010000000,Корсаковский,р-н,1
57015000000,Мценский,р-н,1
57003000000,Верховский,р-н,1
57007000000,Залегощенский,р-н,1
57011000000,Краснозоренский,р-н,1
57016000000,Новодеревеньковский,р-н,1
57017000000,Новосильский,р-н,1
57001000000,Орловский,р-н,1
57005000000,Дмитровский,р-н,1
57012000000,Кромской,р-н,1
57021000000,Троснянский,р-н,1
57022000000,Урицкий,р-н,1
57008000000,Знаменский,р-н,1
57020000000,Сосковский,р-н,1
57023000000,Хотынецкий,р-н,1
57024000000,Шаблыкинский,р-н,1
56051000000,Октябрьский,р-н,1
58016000000,Лопатинский,р-н,1
56054000000,Ташлинский,р-н,1
56048000000,Кваркенский,р-н,1
56055000000,Абдулинский,р-н,1
58013000000,Колышлейский,р-н,1
58004000000,Бековский,р-н,1
58018000000,Малосердобинский,р-н,1
56049000000,Красногвардейский,р-н,1
56050000000,Шарлыкский,р-н,1
57009000000,Колпнянский,р-н,1
57014000000,Малоархангельский,р-н,1
57004000000,Глазуновский,р-н,1
57019000000,Свердловский,р-н,1
57018000000,Покровский,р-н,1
59014000000,Нытвенский,р-н,1
58028000000,Шемышейский,р-н,1
58026000000,Сосновоборский,р-н,1
58023000000,Никольский,р-н,1
58027000000,Тамалинский,р-н,1
58029000000,Пензенский,р-н,1
58024000000,Пачелмский,р-н,1
59005000000,Верещагинский,р-н,1
59009000000,Карагайский,р-н,1
59006000000,Горнозаводский,р-н,1
59010000000,Кишертский,р-н,1
58025000000,Сердобский,р-н,1
59003000000,Березовский,р-н,1
59011000000,Куединский,р-н,1
59013000000,Красновишерский,р-н,1
59012000000,Кунгурский,р-н,1
59008000000,Ильинский,р-н,1
59002000000,Бардымский,р-н,1
59007000000,Еловский,р-н,1
59004000000,Большесосновский,р-н,1
59035000000,Краснокамский,р-н,1
60003000000,Великолукский,р-н,1
60008000000,Куньинский,р-н,1
59021000000,Сивинский,р-н,1
60002000000,Бежаницкий,р-н,1
60007000000,Красногородский,р-н,1
60005000000,Дедовичский,р-н,1
60004000000,Гдовский,р-н,1
60006000000,Дновский,р-н,1
59031000000,Кочевский,р-н,1
59032000000,Кудымкарский,р-н,1
59027000000,Чердынский,р-н,1
59034000000,Юсьвинский,р-н,1
59028000000,Чернушинский,р-н,1
59029000000,Гайнский,р-н,1
59030000000,Косинский,р-н,1
59033000000,Юрлинский,р-н,1
59024000000,Усольский,р-н,1
59022000000,Соликамский,р-н,1
59020000000,Пермский,р-н,1
59016000000,Осинский,р-н,1
59018000000,Оханский,р-н,1
59019000000,Очерский,р-н,1
59026000000,Частинский,р-н,1
59015000000,Октябрьский,р-н,1
59017000000,Ординский,р-н,1
59023000000,Суксунский,р-н,1
59025000000,Уинский,р-н,1
60009000000,Локнянский,р-н,1
61002000000,Азовский,р-н,1
61005000000,Белокалитвинский,р-н,1
61004000000,Багаевский,р-н,1
60012000000,Новосокольнический,р-н,1
60014000000,Островский,р-н,1
60021000000,Пыталовский,р-н,1
60015000000,Палкинский,р-н,1
60016000000,Печорский,р-н,1
60010000000,Невельский,р-н,1
60022000000,Себежский,р-н,1
60019000000,Пустошкинский,р-н,1
60024000000,Усвятский,р-н,1
60011000000,Новоржевский,р-н,1
60020000000,Пушкиногорский,р-н,1
60013000000,Опочецкий,р-н,1
60025000000,Псковский,р-н,1
60017000000,Плюсский,р-н,1
60018000000,Порховский,р-н,1
61003000000,Аксайский,р-н,1
60023000000,Струго-Красненский,р-н,1
61025000000,Морозовский,р-н,1
61040000000,Усть-Донецкий,р-н,1
61031000000,Песчанокопский,р-н,1
61017000000,Кашарский,р-н,1
61033000000,Ремонтненский,р-н,1
61043000000,Чертковский,р-н,1
61020000000,Куйбышевский,р-н,1
61038000000,Тарасовский,р-н,1
61035000000,Сальский,р-н,1
61024000000,Милютинский,р-н,1
61010000000,Дубовский,р-н,1
61014000000,Зимовниковский,р-н,1
61022000000,Матвеево-Курганский,р-н,1
61039000000,Тацинский,р-н,1
61016000000,Каменский,р-н,1
61029000000,Октябрьский,р-н,1
61023000000,Миллеровский,р-н,1
61027000000,Неклиновский,р-н,1
61012000000,Заветинский,р-н,1
61007000000,Верхнедонской,р-н,1
61044000000,Шолоховский,р-н,1
61032000000,Пролетарский,р-н,1
61030000000,Орловский,р-н,1
61036000000,Семикаракорский,р-н,1
61008000000,Веселовский,р-н,1
61028000000,Обливский,р-н,1
61034000000,Родионово-Несветайский,р-н,1
61037000000,Советский,р-н,1
61006000000,Боковский,р-н,1
61019000000,Красносулинский,р-н,1
61026000000,Мясниковский,р-н,1
61013000000,Зерноградский,р-н,1
61041000000,Целинский,р-н,1
61015000000,Кагальницкий,р-н,1
61018000000,Константиновский,р-н,1
61009000000,Волгодонской,р-н,1
61042000000,Цимлянский,р-н,1
61011000000,Егорлыкский,р-н,1
61021000000,Мартыновский,р-н,1
62024000000,Шацкий,р-н,1
62008000000,Милославский,р-н,1
62019000000,Скопинский,р-н,1
63016000000,Красноярский,р-н,1
62012000000,Пронский,р-н,1
63008000000,Елховский,р-н,1
62007000000,Кораблинский,р-н,1
62001000000,Рязанский,р-н,1
62014000000,Рыбновский,р-н,1
62023000000,Чучковский,р-н,1
62015000000,Ряжский,р-н,1
62018000000,Сасовский,р-н,1
62025000000,Шиловский,р-н,1
62013000000,Путятинский,р-н,1
62006000000,Клепиковский,р-н,1
62009000000,Михайловский,р-н,1
62020000000,Спасский,р-н,1
62003000000,Захаровский,р-н,1
63007000000,Борский,р-н,1
62011000000,Пителинский,р-н,1
62005000000,Касимовский,р-н,1
62002000000,Ермишинский,р-н,1
62004000000,Кадомский,р-н,1
62021000000,Старожиловский,р-н,1
62017000000,Сараевский,р-н,1
62016000000,Сапожковский,р-н,1
62022000000,Ухоловский,р-н,1
62010000000,Александро-Невский,р-н,1
63002000000,Алексеевский,р-н,1
63004000000,Богатовский,р-н,1
63010000000,Камышлинский,р-н,1
63012000000,Кинельский,р-н,1
63013000000,Клявлинский,р-н,1
63014000000,Кошкинский,р-н,1
63011000000,Кинель-Черкасский,р-н,1
63009000000,Исаклинский,р-н,1
63015000000,Красноармейский,р-н,1
63005000000,Большеглушицкий,р-н,1
63006000000,Большечерниговский,р-н,1
63003000000,Безенчукский,р-н,1
63022000000,Ставропольский,р-н,1
64003000000,Аркадакский,р-н,1
64009000000,Вольский,р-н,1
64007000000,Балашовский,р-н,1
63023000000,Сызранский,р-н,1
64006000000,Балаковский,р-н,1
64001000000,Саратовский,р-н,1
63027000000,Шигонский,р-н,1
64008000000,Балтайский,р-н,1
63017000000,Нефтегорский,р-н,1
64004000000,Аткарский,р-н,1
64002000000,Александрово-Гайский,р-н,1
63025000000,Челно-Вершинский,р-н,1
63026000000,Шенталинский,р-н,1
63021000000,Сергиевский,р-н,1
63018000000,Пестравский,р-н,1
64005000000,Базарно-Карабулакский,р-н,1
63028000000,Волжский,р-н,1
63019000000,Похвистневский,р-н,1
63020000000,Приволжский,р-н,1
63024000000,Хворостянский,р-н,1
64015000000,Ивантеевский,р-н,1
65016000000,Холмский,р-н,1
65004000000,Корсаковский,р-н,1
64014000000,Ершовский,р-н,1
64036000000,Турковский,р-н,1
65005000000,Курильский,р-н,1
64032000000,Самойловский,р-н,1
65011000000,Северо-Курильский,р-н,1
64017000000,Красноармейский,р-н,1
64013000000,Екатериновский,р-н,1
65013000000,Томаринский,р-н,1
64028000000,Пугачевский,р-н,1
64038000000,Хвалынский,р-н,1
65018000000,Александровск-Сахалинский,р-н,1
64031000000,Ртищевский,р-н,1
65017000000,Южно-Курильский,р-н,1
65010000000,Поронайский,р-н,1
65002000000,Анивский,р-н,1
65014000000,Тымовский,р-н,1
64019000000,Краснопартизанский,р-н,1
64030000000,Романовский,р-н,1
64010000000,Воскресенский,р-н,1
65012000000,Смирныховский,р-н,1
64037000000,Федоровский,р-н,1
64026000000,Петровский,р-н,1
64035000000,Татищевский,р-н,1
65008000000,Ногликский,р-н,1
64039000000,Энгельсский,р-н,1
64011000000,Дергачевский,р-н,1
64020000000,Лысогорский,р-н,1
64016000000,Калининский,р-н,1
65003000000,Долинский,р-н,1
64024000000,Озинский,р-н,1
64012000000,Духовницкий,р-н,1
64025000000,Перелюбский,р-н,1
65007000000,Невельский,р-н,1
64022000000,Новобурасский,р-н,1
64029000000,Ровенский,р-н,1
64027000000,Питерский,р-н,1
64021000000,Марксовский,р-н,1
64034000000,Советский,р-н,1
65009000000,Охинский,р-н,1
65015000000,Углегорский,р-н,1
64023000000,Новоузенский,р-н,1
64018000000,Краснокутский,р-н,1
65006000000,Макаровский,р-н,1
66026000000,Таборинский,р-н,1
66010000000,Верхотурский,р-н,1
66021000000,Режевской,р-н,1
66005000000,Ачитский,р-н,1
66012000000,Ирбитский,р-н,1
66018000000,Новолялинский,р-н,1
66019000000,Пригородный,р-н,1
66022000000,Серовский,р-н,1
66008000000,Богдановичский,р-н,1
66013000000,Каменский,р-н,1
66015000000,Красноуфимский,р-н,1
66011000000,Гаринский,р-н,1
66002000000,Алапаевский,р-н,1
66023000000,Слободо-Туринский,р-н,1
66006000000,Байкаловский,р-н,1
66030000000,Туринский,р-н,1
66003000000,Артемовский,р-н,1
66027000000,Тавдинский,р-н,1
66007000000,Белоярский,р-н,1
66014000000,Камышловский,р-н,1
66020000000,Пышминский,р-н,1
66028000000,Талицкий,р-н,1
66029000000,Тугулымский,р-н,1
66017000000,Нижнесергинский,р-н,1
66016000000,Невьянский,р-н,1
66031000000,Шалинский,р-н,1
66025000000,Сысертский,р-н,1
66024000000,Сухоложский,р-н,1
66009000000,Верхнесалдинский,р-н,1
66004000000,Артинский,р-н,1
67007000000,Дорогобужский,р-н,1
67003000000,Вяземский,р-н,1
67012000000,Краснинский,р-н,1
67017000000,Руднянский,р-н,1
67002000000,Велижский,р-н,1
67025000000,Ярцевский,р-н,1
67010000000,Ершичский,р-н,1
67008000000,Духовщинский,р-н,1
67019000000,Сычевский,р-н,1
67021000000,Угранский,р-н,1
67006000000,Демидовский,р-н,1
67024000000,Шумячский,р-н,1
67023000000,Холм-Жирковский,р-н,1
67011000000,Кардымовский,р-н,1
67001000000,Смоленский,р-н,1
68002000000,Бондарский,р-н,1
67020000000,Темкинский,р-н,1
67004000000,Гагаринский,р-н,1
67018000000,Сафоновский,р-н,1
67016000000,Рославльский,р-н,1
68007000000,Кирсановский,р-н,1
68006000000,Инжавинский,р-н,1
68003000000,Гавриловский,р-н,1
68004000000,Жердевский,р-н,1
68005000000,Знаменский,р-н,1
68001000000,Тамбовский,р-н,1
67014000000,Новодугинский,р-н,1
67005000000,Глинковский,р-н,1
67022000000,Хиславичский,р-н,1
67013000000,Монастырщинский,р-н,1
67009000000,Ельнинский,р-н,1
67015000000,Починковский,р-н,1
69010000000,Зубцовский,р-н,1
69004000000,Бельский,р-н,1
69006000000,Весьегонский,р-н,1
68017000000,Рассказовский,р-н,1
69018000000,Лесной,р-н,1
69009000000,Западнодвинский,р-н,1
69008000000,Жарковский,р-н,1
69016000000,Краснохолмский,р-н,1
69020000000,Максатихинский,р-н,1
69005000000,Бологовский,р-н,1
69007000000,Вышневолоцкий,р-н,1
69001000000,Калининский,р-н,1
69003000000,Бежецкий,р-н,1
69017000000,Кувшиновский,р-н,1
69019000000,Лихославльский,р-н,1
69015000000,Конаковский,р-н,1
68023000000,Уваровский,р-н,1
68019000000,Сампурский,р-н,1
68018000000,Ржаксинский,р-н,1
68012000000,Мучкапский,р-н,1
68008000000,Мичуринский,р-н,1
68015000000,Петровский,р-н,1
68024000000,Уметский,р-н,1
68022000000,Токаревский,р-н,1
68009000000,Мордовский,р-н,1
68013000000,Никифоровский,р-н,1
68016000000,Пичаевский,р-н,1
69013000000,Кесовогорский,р-н,1
69011000000,Калязинский,р-н,1
69014000000,Кимрский,р-н,1
69012000000,Кашинский,р-н,1
68014000000,Первомайский,р-н,1
68021000000,Староюрьевский,р-н,1
68010000000,Моршанский,р-н,1
68020000000,Сосновский,р-н,1
69002000000,Андреапольский,р-н,1
69026000000,Рамешковский,р-н,1
69034000000,Торопецкий,р-н,1
69028000000,Сандовский,р-н,1
69032000000,Старицкий,р-н,1
70014000000,Тегульдетский,р-н,1
70013000000,Первомайский,р-н,1
70008000000,Кожевниковский,р-н,1
69035000000,Удомельский,р-н,1
69036000000,Фировский,р-н,1
71002000000,Алексинский,р-н,1
70006000000,Зырянский,р-н,1
70003000000,Асиновский,р-н,1
69030000000,Сонковский,р-н,1
69021000000,Молоковский,р-н,1
69027000000,Ржевский,р-н,1
71005000000,Богородицкий,р-н,1
71006000000,Веневский,р-н,1
70004000000,Бакчарский,р-н,1
69022000000,Нелидовский,р-н,1
69023000000,Оленинский,р-н,1
69033000000,Торжокский,р-н,1
69031000000,Спировский,р-н,1
70017000000,Томский,р-н,1
70011000000,Молчановский,р-н,1
70010000000,Кривошеинский,р-н,1
70015000000,Чаинский,р-н,1
70016000000,Шегарский,р-н,1
70009000000,Колпашевский,р-н,1
70005000000,Верхнекетский,р-н,1
70007000000,Каргасокский,р-н,1
70012000000,Парабельский,р-н,1
70002000000,Александровский,р-н,1
71003000000,Арсеньевский,р-н,1
71004000000,Белевский,р-н,1
69029000000,Селижаровский,р-н,1
69025000000,Пеновский,р-н,1
69024000000,Осташковский,р-н,1
72001000000,Тюменский,р-н,1
71019000000,Плавский,р-н,1
71015000000,Куркинский,р-н,1
71013000000,Кимовский,р-н,1
71007000000,Воловский,р-н,1
71017000000,Новомосковский,р-н,1
71022000000,Узловский,р-н,1
71011000000,Заокский,р-н,1
71012000000,Каменский,р-н,1
71016000000,Ленинский,р-н,1
71014000000,Киреевский,р-н,1
71025000000,Ясногорский,р-н,1
71021000000,Тепло-Огаревский,р-н,1
71023000000,Чернский,р-н,1
71020000000,Суворовский,р-н,1
71024000000,Щекинский,р-н,1
71010000000,Ефремовский,р-н,1
71009000000,Дубенский,р-н,1
71018000000,Одоевский,р-н,1
72005000000,Бердюжский,р-н,1
72019000000,Упоровский,р-н,1
72008000000,Голышмановский,р-н,1
73009000000,Мелекесский,р-н,1
72022000000,Ярковский,р-н,1
72013000000,Нижнетавдинский,р-н,1
73006000000,Карсунский,р-н,1
73008000000,Майнский,р-н,1
73014000000,Радищевский,р-н,1
73017000000,Старомайнский,р-н,1
72003000000,Армизонский,р-н,1
73003000000,Барышский,р-н,1
72014000000,Омутинский,р-н,1
73018000000,Сурский,р-н,1
73011000000,Новомалыклинский,р-н,1
73007000000,Кузоватовский,р-н,1
72010000000,Исетский,р-н,1
72009000000,Заводоуковский,р-н,1
72020000000,Юргинский,р-н,1
73001000000,Ульяновский,р-н,1
73004000000,Вешкаймский,р-н,1
73012000000,Новоспасский,р-н,1
72004000000,Аромашевский,р-н,1
73005000000,Инзенский,р-н,1
73002000000,Базарносызганский,р-н,1
73016000000,Старокулаткинский,р-н,1
73013000000,Павловский,р-н,1
73010000000,Николаевский,р-н,1
72018000000,Уватский,р-н,1
72017000000,Тобольский,р-н,1
72006000000,Вагайский,р-н,1
72002000000,Абатский,р-н,1
72007000000,Викуловский,р-н,1
72011000000,Ишимский,р-н,1
72012000000,Казанский,р-н,1
73015000000,Сенгилеевский,р-н,1
72015000000,Сладковский,р-н,1
72016000000,Сорокинский,р-н,1
72021000000,Ялуторовский,р-н,1
74032000000,Красноармейский,р-н,1
73019000000,Тереньгульский,р-н,1
73021000000,Чердаклинский,р-н,1
74031000000,Кизильский,р-н,1
74025000000,Агаповский,р-н,1
73020000000,Цильнинский,р-н,1
74029000000,Верхнеуральский,р-н,1
74010000000,Катав-Ивановский,р-н,1
74017000000,Саткинский,р-н,1
74002000000,Ашинский,р-н,1
74007000000,Карталинский,р-н,1
74030000000,Еткульский,р-н,1
74027000000,Брединский,р-н,1
74026000000,Аргаяшский,р-н,1
74033000000,Кунашакский,р-н,1
74009000000,Каслинский,р-н,1
74028000000,Варненский,р-н,1
74037000000,Октябрьский,р-н,1
75016000000,Нерчинско-Заводский,р-н,1
75014000000,Могочинский,р-н,1
75004000000,Балейский,р-н,1
75007000000,Забайкальский,р-н,1
75010000000,Карымский,р-н,1
75022000000,Тунгиро-Олекминский,р-н,1
75027000000,Шелопугинский,р-н,1
74046000000,Пластовский,р-н,1
75021000000,Сретенский,р-н,1
75003000000,Александрово-Заводский,р-н,1
75008000000,Каларский,р-н,1
75028000000,Шилкинский,р-н,1
75011000000,Краснокаменский,р-н,1
75012000000,Красночикойский,р-н,1
75015000000,Нерчинский,р-н,1
75009000000,Калганский,р-н,1
75020000000,Приаргунский,р-н,1
75005000000,Борзинский,р-н,1
75001000000,Читинский,р-н,1
75025000000,Хилокский,р-н,1
75019000000,Петровск-Забайкальский,р-н,1
74034000000,Кусинский,р-н,1
74035000000,Нагайбакский,р-н,1
74043000000,Чесменский,р-н,1
74036000000,Нязепетровский,р-н,1
75129000000,Агинский,р-н,1
75023000000,Тунгокоченский,р-н,1
75130000000,Дульдургинский,р-н,1
75131000000,Могойтуйский,р-н,1
74044000000,Еманжелинский,р-н,1
74045000000,Коркинский,р-н,1
74042000000,Чебаркульский,р-н,1
75002000000,Акшинский,р-н,1
75013000000,Кыринский,р-н,1
75017000000,Оловяннинский,р-н,1
75018000000,Ононский,р-н,1
74041000000,Уйский,р-н,1
75006000000,Газимуро-Заводский,р-н,1
75026000000,Чернышевский,р-н,1
75024000000,Улётовский,р-н,1
74039000000,Троицкий,р-н,1
74040000000,Увельский,р-н,1
74038000000,Сосновский,р-н,1
76015000000,Рыбинский,р-н,1
76017000000,Угличский,р-н,1
76004000000,Брейтовский,р-н,1
76014000000,Ростовский,р-н,1
76007000000,Любимский,р-н,1
76013000000,Пошехонский,р-н,1
76003000000,Борисоглебский,р-н,1
77006000000,Кленовское,п,1
77005000000,Киевский,п,1
77002000000,Вороновское,п,1
77004000000,Десеновское,п,1
77003000000,Воскресенское,п,1
77001000000,Внуковское,п,1
76012000000,Переславский,р-н,1
76016000000,Тутаевский,р-н,1
76011000000,Первомайский,р-н,1
76002000000,Большесельский,р-н,1
76005000000,Гаврилов-Ямский,р-н,1
76001000000,Ярославский,р-н,1
76010000000,Некрасовский,р-н,1
76009000000,Некоузский,р-н,1
76008000000,Мышкинский,р-н,1
76006000000,Даниловский,р-н,1
79003000000,Облученский,р-н,1
86004000000,Кондинский,р-н,1
79004000000,Октябрьский,р-н,1
86007000000,Октябрьский,р-н,1
79002000000,Ленинский,р-н,1
86010000000,Ханты-Мансийский,р-н,1
79005000000,Смидовичский,р-н,1
79001000000,Биробиджанский,р-н,1
86002000000,Белоярский,р-н,1
87009000000,Анадырский,р-н,1
89007000000,Ямальский,р-н,1
89006000000,Шурышкарский,р-н,1
86008000000,Советский,р-н,1
86006000000,Нижневартовский,р-н,1
86005000000,Нефтеюганский,р-н,1
77015000000,Роговское,п,1
77019000000,Щаповское,п,1
77014000000,Первомайское,п,1
77013000000,Новофедоровское,п,1
77010000000,Михайлово-Ярцевское,п,1
77008000000,Краснопахорское,п,1
77018000000,Филимонковское,п,1
77017000000,Сосенское,п,1
77016000000,Рязановское,п,1
77012000000,Мосрентген,п,1
77011000000,Московский,п,1
77009000000,Марушкинское,п,1
77007000000,Кокошкино,п,1
86003000000,Березовский,р-н,1
83001000000,Заполярный,р-н,1
87003000000,Билибинский,р-н,1
87007000000,Чукотский,р-н,1
89003000000,Приуральский,р-н,1
89002000000,Красноселькупский,р-н,1
89004000000,Пуровский,р-н,1
89008000000,Надымский,р-н,1
89005000000,Тазовский,р-н,1
86009000000,Сургутский,р-н,1
87006000000,Чаунский,р-н,1
87005000000,Провиденский,р-н,1
87004000000,Иультинский,р-н,1
91002000000,Белогорский,р-н,1
91003000000,Джанкойский,р-н,1
91004000000,Кировский,р-н,1
91005000000,Красногвардейский,р-н,1
91006000000,Красноперекопский,р-н,1
91008000000,Нижнегорский,р-н,1
91009000000,Первомайский,р-н,1
91010000000,Раздольненский,р-н,1
91012000000,Симферопольский,р-н,1
91007000000,Ленинский,р-н,1
91011000000,Сакский,р-н,1
91001000000,Бахчисарайский,р-н,1
91013000000,Советский,р-н,1
91014000000,Черноморский,р-н,1
